file,container_ext,bytes,decoded,duration_s,error
aac-none-aac.aac,aac,18242,yes,2.04,
avi-audio-to.mp4,mp4,17383,yes,2.04,
avi-mpeg4-mp3.avi,avi,23924,no,,EncodingError
flv-h264-aac.flv,flv,19364,no,,EncodingError
m4a-none-aac.m4a,m4a,18784,yes,2,
mkv-h264-aac.mkv,mkv,18814,yes,2.02,
mkv-h264-opus.mkv,mkv,19440,yes,2.0,
mkv-same-streams.mp4,mp4,18836,yes,2,
mov-h264-aac.mov,mov,18835,yes,2,
mp3-none-mp3.mp3,mp3,16526,yes,2,
mp4-h264-aac.mp4,mp4,18804,yes,2,
mp4-h264-mp3.mp4,mp4,17374,yes,1.99,
mp4-same-streams.mov,mov,18835,yes,2,
mp4-same-video-remuxaac.mp4,mp4,18815,yes,2,
ogg-none-vorbis.ogg,ogg,6913,yes,2,
wav-none-pcm_s16le.wav,wav,176478,yes,2,
webm-vp8-vorbis.webm,webm,8230,yes,2,
webm-vp9-opus.webm,webm,19386,yes,2.0,
wmv-audio-to.mkv,mkv,33547,no,,EncodingError
wmv-wmv2-wmav2.wmv,wmv,35742,no,,EncodingError
